algo_tag,algo,FND,HND,LND,func_life_pdr90,drop_p,total_p,pdr,drop_rate,timely_transfer_rate,energy_rate,energy_per_delivered,throughput_bits_per_round,avg_ch_per_round,avg_cluster_size,avg_hops_to_bs,malicious_delay,malicious_drop,blacklisted_malicious,blacklisted_normal,false_blacklist_events,control_overhead_bits,rounds_run,seed,ratio
SHEER-2025,SHEER-2025,1410,1420,6361,1424,8041,90365,0.9110164333536214,0.08898356664637863,0.9698629804188329,0.9391112183025958,0.0006069987634723669,51767.96101241943,2.3512026410941678,3.049669676076689,1.0,1715,4979,7,0,0,18073000,6361,42,0.1
ACTAR-2024,ACTAR-2024,823,974,3023,1116,7843,87434,0.9102980533888418,0.08970194661115816,0.9681119724591977,0.9366743342537265,0.000627907797605576,105313.92656301687,3.4737016209063842,4.867031068685048,1.6535035368320539,739,6234,4,0,0,17486800,3023,42,0.1
TFSM-DPC-2024,TFSM-DPC-2024,664,1115,6256,1354,6517,80801,0.9193450576106731,0.08065494238932691,0.9739513219535836,0.9525833704332796,0.0006684259004377788,47496.16368286445,2.2501598465473145,3.0811239343208654,1.8235959291368262,1457,3898,8,0,0,16161800,6256,42,0.1
DST-WOA-2024,DST-WOA-2024,796,1420,5297,1351,7687,89703,0.9143060990156405,0.08569390098435947,0.976150994927819,0.9528282259128503,0.0006094142867595593,61933.92486313007,2.1081744383613366,5.7180951481970865,1.4136997658993367,690,4335,8,0,0,17942200,5297,42,0.1
TRAIL (ours),TRAIL (ours),937,1062,8283,1115,5319,85854,0.9380459850443776,0.06195401495562236,0.9893710808965046,0.974693139251477,0.0006204525090078998,38891.7059036581,2.203066521791621,2.4095523436863533,1.263301670081331,2146,1621,10,0,0,17170800,8283,42,0.1
SHEER-2025,SHEER-2025,1408,1419,8586,1423,6442,88858,0.9275023070517004,0.07249769294829955,0.9805134925257232,0.9554726474189136,0.0006062959063520323,38395.52760307477,1.9975541579315164,2.5129869499628397,1.0,2359,3488,9,0,0,17772200,8586,43,0.1
ACTAR-2024,ACTAR-2024,861,993,6562,1204,6536,86750,0.924657060518732,0.07534293948126802,0.9756152292617248,0.9508147632398969,0.0006230549507476332,48896.06827186833,2.1088082901554404,2.758673379855945,1.641870496422071,1675,4631,5,0,0,17350400,6562,43,0.1
TFSM-DPC-2024,TFSM-DPC-2024,611,1149,9213,1407,5243,79196,0.9337971614728017,0.06620283852719833,0.9850715995294309,0.9632817959756583,0.0006703597642728927,32108.108108108107,1.868663844567459,2.3315576426756457,1.8305274971941639,2325,3173,7,0,0,15840000,9213,43,0.1
DST-WOA-2024,DST-WOA-2024,796,1468,7606,2032,6381,88531,0.9279235522020535,0.07207644779794653,0.9858064516129033,0.9652691018995233,0.0006084171821346836,43202.73468314489,1.797133841703918,4.115950127092646,1.3935362142422398,1403,3165,10,0,0,17710600,7606,43,0.1
TRAIL (ours),TRAIL (ours),958,1092,9393,1124,4624,85461,0.9458934484735727,0.05410655152642729,0.9929116617390551,0.9804551900459535,0.0006181426749002433,34424.358564888746,2.0839987224528906,2.1419223480672067,1.2663879164244096,2502,1251,10,0,0,17093000,9393,43,0.1
SHEER-2025,SHEER-2025,1349,1360,8232,1363,5356,88336,0.9393678681398298,0.060632131860170246,0.9798626174981924,0.9648141616189699,0.0006022312029588127,40320.69970845481,1.9972060252672497,2.5511446330232768,1.0,2157,2634,7,0,0,17667200,8232,44,0.1
ACTAR-2024,ACTAR-2024,825,1014,4442,1046,6020,85537,0.929621099641091,0.07037890035890904,0.9747601141894187,0.9548864472307413,0.0006283737914703206,71604.68257541647,2.6224673570463755,3.4595098814088012,1.6585258498182778,1057,4800,5,0,0,17107400,4442,44,0.1
TFSM-DPC-2024,TFSM-DPC-2024,591,1124,7043,1284,5413,78399,0.9309557519866325,0.0690442480133675,0.9838325158249527,0.9610559572760337,0.0006754860685483146,41451.65412466278,2.067442851057788,2.7533975923814404,1.8217055325678897,1567,3322,8,0,0,15679800,7043,44,0.1
DST-WOA-2024,DST-WOA-2024,725,1398,6115,1501,6981,88754,0.921344390111995,0.07865560988800502,0.9784403164858817,0.9516740032600439,0.0006111618733824118,53490.10629599346,1.9537203597710548,4.790893976560372,1.40504812101794,1019,4148,6,0,0,17755400,6115,44,0.1
TRAIL (ours),TRAIL (ours),917,1081,8456,1121,4363,84960,0.9486464218455744,0.05135357815442565,0.9935357395436555,0.9815808368132228,0.0006199331559428792,38125.354777672655,2.180818353831599,2.2474727627660167,1.2767720882911275,2163,1038,10,0,0,16994400,8456,44,0.1
SHEER-2025,SHEER-2025,1373,1385,13357,300,5317,87728,0.9393922122925406,0.06060778770745945,0.9836308259819684,0.9649386108669897,0.0006064367839313592,24679.493898330464,1.6174290634124429,1.9597343287093976,1.0,3729,2659,8,0,0,17545600,13357,45,0.1
ACTAR-2024,ACTAR-2024,840,978,8698,1332,6114,86365,0.9292074335668384,0.07079256643316156,0.9787666197305953,0.9580383676134774,0.0006227727484202165,36905.49551621062,1.7937456886640608,2.468003413068371,1.6566647144583868,2291,4216,9,0,0,17273200,8698,45,0.1
TFSM-DPC-2024,TFSM-DPC-2024,607,1101,8705,1847,6518,80057,0.918583009605656,0.08141699039434402,0.9717564829546227,0.9481558517333907,0.0006771079547373235,33791.61401493395,1.9262492820218264,2.3996154852070952,1.8553420633949333,2306,4788,7,0,0,16012400,8705,45,0.1
DST-WOA-2024,DST-WOA-2024,787,1420,10920,2054,6153,88118,0.9301731768764611,0.06982682312353894,0.9870432501677545,0.9691096061861986,0.0006097136654125336,30023.809523809523,1.5272893772893772,3.237776251526252,1.4339169157567255,2295,2980,9,0,0,17631200,10920,45,0.1
TRAIL (ours),TRAIL (ours),944,1071,12047,1109,4478,85101,0.9473801717958661,0.05261982820413391,0.9929300571797129,0.9811690102194964,0.0006198670214667752,26769.486179131734,1.8359757616003984,1.8726338596170566,1.244049464792925,3252,1185,10,0,0,17022200,12047,45,0.1
SHEER-2025,SHEER-2025,1382,1394,4326,1394,7773,89711,0.913355106954554,0.08664489304544598,0.96658449071249,0.9404772542436228,0.0006098262528726307,75763.29172445678,3.003698566805363,3.911210730246796,1.0,1061,4741,5,0,0,17942200,4326,46,0.1
ACTAR-2024,ACTAR-2024,876,986,5683,1713,6989,85292,0.9180579655770764,0.08194203442292358,0.9721849737557948,0.9449782411403205,0.0006381639953965818,55113.848319549536,2.265176843216611,2.9579351812283328,1.6474464579901154,1359,5416,4,0,0,17058400,5683,46,0.1
TFSM-DPC-2024,TFSM-DPC-2024,633,1067,4957,2689,6580,78569,0.9162519568786671,0.08374804312133288,0.9699676339440748,0.9449146964807214,0.0006880037408280233,58090.78071414162,2.5953197498486986,3.3837448292410985,1.8526302629568405,1041,5109,7,0,0,15714800,4957,46,0.1
DST-WOA-2024,DST-WOA-2024,757,1325,5238,1539,7077,88345,0.9198935989586281,0.0801064010413719,0.9770143229807551,0.958700670286212,0.0006149247994058589,62060.32836960672,2.102520045819015,5.579775995927194,1.4314121179307968,669,3717,9,0,0,17670800,5238,46,0.1
TRAIL (ours),TRAIL (ours),875,1035,6891,1134,5438,84945,0.9359821060686326,0.06401789393136736,0.9893091174362005,0.9739208902593479,0.0006285190620686209,46151.21172543898,2.4157596865476707,2.7141590699002553,1.3257197479467218,1726,1699,10,0,0,16990200,6891,46,0.1
SHEER-2025,SHEER-2025,1388,1400,9486,318,14932,91604,0.8369940177284835,0.16300598227151653,0.9480253547579299,0.8912683550905642,0.0006517383705866904,32330.592452034576,1.8357579590976176,2.65652540586127,1.0,2680,8898,14,0,0,18320800,9486,42,0.2
ACTAR-2024,ACTAR-2024,843,994,7534,300,14964,88625,0.8311537376586742,0.16884626234132583,0.9435386432440505,0.8806739021672503,0.0006784637367820673,39108.574462436954,1.9361560923812051,2.7570858141504555,1.6477511844802541,2229,11479,10,0,0,17725000,7534,42,0.2
TFSM-DPC-2024,TFSM-DPC-2024,737,1159,8898,300,12583,82681,0.8478126776405703,0.15218732235942967,0.9449912978972296,0.9053248160057383,0.0007107633089657929,31511.8004045853,1.8632276916160935,2.6135836809701902,1.8042312191503325,2500,8876,12,0,0,16538000,8898,42,0.2
DST-WOA-2024,DST-WOA-2024,831,1297,6392,920,14573,92437,0.8423466793599965,0.15765332064000348,0.9581064420014384,0.9146831794523319,0.0006418796046314186,48725.90738423029,1.9030037546933667,5.271174906132667,1.4033828213294977,1273,8113,13,0,0,18494200,6392,42,0.2
TRAIL (ours),TRAIL (ours),915,1071,8476,1093,13129,91040,0.8557886643233743,0.1442113356766257,0.9654092490149017,0.9313508433997888,0.0006413318222462263,36767.81500707881,2.0325625294950447,3.3847712993784613,1.2210727625110702,2190,5277,20,0,0,18210800,8476,42,0.2
SHEER-2025,SHEER-2025,1417,1429,11835,410,13201,89712,0.8528513465311218,0.14714865346887818,0.9523467213864673,0.9064594600733591,0.0006532186005158986,25859.231094212082,1.6878749471905365,2.3367977347254927,1.0,3382,7543,16,0,0,17942400,11835,43,0.2
ACTAR-2024,ACTAR-2024,870,1019,6572,300,14380,88799,0.838061239428372,0.16193876057162804,0.9473790295489055,0.8880664593573574,0.0006715801120860402,45294.5830797322,2.0975349969567865,2.9603073217612175,1.652615595479649,1950,10823,10,0,0,17760400,6572,43,0.2
TFSM-DPC-2024,TFSM-DPC-2024,710,1179,6315,300,13075,83602,0.843604219994737,0.156395780005263,0.9473251378904533,0.9009225015541188,0.0007066330660204582,44672.684085510686,2.256215360253365,3.510521253447556,1.8058332269910815,1729,9437,13,0,0,16722000,6315,43,0.2
DST-WOA-2024,DST-WOA-2024,787,1488,8385,1472,13641,91536,0.8509766649187205,0.14902333508127952,0.960947429231658,0.9206312570185154,0.0006415288788194484,37159.21288014311,1.6797853309481217,4.25423772609819,1.419795879067976,1812,7330,19,0,0,18308200,8385,43,0.2
TRAIL (ours),TRAIL (ours),934,1070,9351,1087,11964,89633,0.8665223745718653,0.13347762542813468,0.9699494006617827,0.9404362040581529,0.0006434173580195939,33223.8263287349,1.9423591059779703,3.0084444205842784,1.2540009527610758,2420,4478,20,0,0,17928000,9351,43,0.2
SHEER-2025,SHEER-2025,1369,1382,8315,412,13858,90478,0.8468356948650501,0.15316430513494994,0.9438527799530149,0.8968405102525057,0.0006522176518456813,36858.68911605532,1.98749248346362,2.7067799158147925,1.0,2375,8386,14,0,0,18095600,8315,44,0.2
ACTAR-2024,ACTAR-2024,822,1022,6396,300,12969,86987,0.8509087564808535,0.1490912435191465,0.9504985273852307,0.9014137280514785,0.0006750515969410832,46290.181363352094,2.0892745465916196,2.971083681449537,1.658231781458564,1783,10157,11,0,0,17397400,6396,44,0.2
TFSM-DPC-2024,TFSM-DPC-2024,654,1141,5404,300,13089,82492,0.8413300683702662,0.15866993162973375,0.9514430211950492,0.894862017548193,0.0007183766658709809,51371.57660991858,2.4158031088082903,3.638600812590939,1.8070976758929729,1429,10141,13,0,0,16499400,5404,44,0.2
DST-WOA-2024,DST-WOA-2024,763,1342,8168,1088,13200,90097,0.8534912372221051,0.14650876277789493,0.9538083410276084,0.915358995155913,0.000649861324050266,37657.68854064643,1.7092311459353575,3.9929644139732305,1.4022653679597383,1861,8271,12,0,0,18024600,8168,44,0.2
TRAIL (ours),TRAIL (ours),884,1069,9705,1080,11723,89234,0.8686263083578009,0.13137369164219914,0.9704816090619396,0.9389680498104594,0.0006446842532460181,31946.831530139105,1.8977846470891293,2.9008493406261384,1.251577195494833,2592,4390,20,0,0,17850800,9705,44,0.2
SHEER-2025,SHEER-2025,1375,1387,11712,300,13661,91362,0.8504739388367155,0.14952606116328448,0.9526260923282841,0.9098064834424286,0.0006432087914764247,26537.226775956286,1.6419911202185793,2.623125853825136,1.0,3246,7352,18,0,0,18272400,11712,45,0.2
ACTAR-2024,ACTAR-2024,845,1000,9014,300,14160,88527,0.8400487986715918,0.15995120132840823,0.934204687563032,0.889708878254404,0.0006719845855496183,33000.66563124029,1.7868870645662303,2.4171089720623784,1.654712439657375,2783,11386,9,0,0,17705600,9014,45,0.2
TFSM-DPC-2024,TFSM-DPC-2024,587,1157,8442,300,13794,83638,0.8350749659245797,0.16492503407542025,0.9478695378271577,0.9012446698680205,0.000706256026274112,33093.57972044539,1.8686330253494432,3.1054836107942396,1.7949000629975373,2371,9300,19,0,0,16727600,8442,45,0.2
DST-WOA-2024,DST-WOA-2024,777,1550,9349,966,14656,92099,0.8408668932344542,0.15913310676554582,0.9476647340624718,0.9043764194128002,0.0006453123704224056,33134.238956038076,1.6279816023104074,3.7905016579313338,1.404994641219994,2345,9415,12,0,0,18422200,9349,45,0.2
TRAIL (ours),TRAIL (ours),920,1020,10033,1025,12808,90034,0.8577426305617878,0.1422573694382122,0.9681713412581255,0.9319119838847811,0.0006469884673448048,30788.796969999003,1.844014751320642,2.952588611124193,1.247921684406806,2700,5171,20,0,0,18009200,10033,45,0.2
SHEER-2025,SHEER-2025,1355,1367,6896,361,14870,90405,0.8355179470162049,0.16448205298379515,0.9348381544979149,0.8817503387041016,0.0006615930326063749,43813.805104408355,2.2330336426914155,2.8825635634184077,1.0,2110,9770,10,0,0,18081000,6896,46,0.2
ACTAR-2024,ACTAR-2024,877,947,7117,472,13511,87393,0.8453995171237971,0.15460048287620287,0.9448174115481444,0.8962155272579945,0.0006764138386963069,41524.23774062105,1.9616411409301673,2.95540573542892,1.6304918654070004,2120,9696,11,0,0,17481000,7117,46,0.2
TFSM-DPC-2024,TFSM-DPC-2024,532,1105,7919,300,12045,80647,0.8506454052847595,0.14935459471524049,0.9495641526486108,0.902204856818792,0.0007271818159033475,34651.849981058214,1.9622427074125521,2.7364111600359684,1.844406868604414,2206,9557,12,0,0,16130000,7919,46,0.2
DST-WOA-2024,DST-WOA-2024,708,1610,8578,893,13103,89847,0.8541631885316149,0.14583681146838512,0.9537162514333368,0.9151999315903776,0.0006504285894944293,35786.43040335742,1.6585451154115178,3.8028755731716846,1.4278380068800167,2091,8573,14,0,0,17969400,8578,46,0.2
TRAIL (ours),TRAIL (ours),896,1056,8201,1070,12074,88645,0.8637937841953861,0.1362062158046139,0.9707852842459939,0.9350732249353934,0.0006524630293957497,37347.15278624558,2.0303621509572003,3.3005163716433676,1.2957908346501938,2127,4780,20,0,0,17731200,8201,46,0.2
SHEER-2025,SHEER-2025,1382,1394,9588,300,22821,94373,0.7581829548705667,0.24181704512943325,0.9076755366726297,0.8340064866324168,0.000698448012042731,29850.646641635376,1.7984981226533165,3.0760686721497112,1.0,2889,13773,20,0,0,18875000,9588,42,0.3
ACTAR-2024,ACTAR-2024,836,1008,5289,300,22102,92321,0.76059618071728,0.23940381928272003,0.8945869351599994,0.8329745353813733,0.0007116633109137376,53105.69105691057,2.265078464738136,4.353545175439673,1.6358393027528162,1729,16581,18,0,0,18464200,5289,42,0.3
TFSM-DPC-2024,TFSM-DPC-2024,761,1167,5237,300,20824,87352,0.7616082058796593,0.23839179412034073,0.9050474987974988,0.8412344000634882,0.0007512150747747498,50813.82470880275,2.4254344090127935,4.521787520838114,1.7748767436267436,1576,15346,20,0,0,17471200,5237,42,0.3
DST-WOA-2024,DST-WOA-2024,867,1547,5139,310,22376,95381,0.7654040112810727,0.23459598871892728,0.9209643175124992,0.8538895633424832,0.0006846182290959046,56824.284880326915,2.100992410974898,6.691583965752087,1.3932059447983014,1124,14024,21,0,0,19079400,5139,42,0.3
TRAIL (ours),TRAIL (ours),870,1079,7643,1065,21335,96017,0.7777997646250143,0.22220023537498568,0.9368656436624622,0.8820064790861394,0.000669019404179633,39085.175978019106,1.9820751013999738,4.931857081150168,1.2013068744811333,1964,9387,30,0,0,19206200,7643,42,0.3
SHEER-2025,SHEER-2025,1433,1450,10378,309,21385,92968,0.7699746149212632,0.23002538507873682,0.908665465264099,0.8452912166246669,0.0006981439172334009,27590.287145885526,1.782617074580844,2.838296900953482,1.0,3159,12650,23,0,0,18594800,10378,43,0.3
ACTAR-2024,ACTAR-2024,882,1018,9089,300,20648,90072,0.7707611688427036,0.22923883115729637,0.9067901590228163,0.8412925542112903,0.0007198556231057733,30552.976124986246,1.7604797007371549,2.645933816736435,1.6498905277713758,2848,15922,13,0,0,18014400,9089,43,0.3
TFSM-DPC-2024,TFSM-DPC-2024,686,1237,6581,300,19885,86189,0.7692861037951478,0.23071389620485216,0.9076978764478765,0.8481497320015985,0.0007512468868460235,40300.25831940435,2.1581826470141316,3.810921059163663,1.7886402027027026,1957,14954,21,0,0,17237800,6581,43,0.3
DST-WOA-2024,DST-WOA-2024,856,1720,7242,300,22027,94833,0.7677285333164615,0.23227146668353849,0.9259539048979479,0.8537897051137439,0.0006864005654946624,40213.20077326705,1.788594310963822,5.032336831446195,1.3905996758508914,1713,13737,23,0,0,18971200,7242,43,0.3
TRAIL (ours),TRAIL (ours),942,1069,9520,1060,20073,94560,0.7877220812182741,0.21227791878172586,0.9453730181105428,0.8890887265728425,0.0006708769919832442,31297.058823529413,1.8035714285714286,3.915427934285602,1.2241464953616068,2504,8706,30,0,0,18914200,9520,43,0.3
SHEER-2025,SHEER-2025,1373,1388,9594,300,22362,93416,0.7606191658816477,0.23938083411835231,0.9069440144115744,0.8325933910454981,0.0007032864502067632,29624.34855117782,1.8085261621846989,2.832871238968799,1.0,3004,13772,21,0,0,18683200,9594,44,0.3
ACTAR-2024,ACTAR-2024,844,1028,5970,300,20831,90542,0.769929977248128,0.23007002275187205,0.9071739036880837,0.8394276832052064,0.0007168322635769812,46707.53768844221,2.151926298157454,3.5519613338457585,1.6500695729511843,1942,16092,13,0,0,18108400,5970,44,0.3
TFSM-DPC-2024,TFSM-DPC-2024,643,1138,6307,300,19611,85827,0.7715054703065469,0.22849452969345307,0.9124833877008578,0.8511506765036193,0.0007507628558278487,41995.243380371016,2.1398446170921197,4.0492729290335125,1.769678023438444,1858,13702,21,0,0,17166200,6307,44,0.3
DST-WOA-2024,DST-WOA-2024,830,1558,6730,517,21655,94820,0.7716199114110948,0.22838008858890524,0.9235836807216565,0.8603594181171823,0.0006831295374332781,43485.884101040116,1.8371471025260029,5.26404903417533,1.3996856420419599,1542,13005,20,0,0,18967200,6730,44,0.3
TRAIL (ours),TRAIL (ours),868,1048,8213,1000,20551,95189,0.7841032052022818,0.21589679479771817,0.9359307591307376,0.8867536721707641,0.0006695096782711109,36351.150614878854,1.9029587239741872,4.549385832216406,1.1996436131729147,2214,8725,30,0,0,19043000,8213,44,0.3
SHEER-2025,SHEER-2025,1375,1388,12659,300,21733,93191,0.7667907845178182,0.23320921548218176,0.9085196898877662,0.8410593119431466,0.0006992694603665237,22579.350659609765,1.592384864523264,2.574787935554977,1.0,3754,13113,21,0,0,18638200,12659,45,0.3
ACTAR-2024,ACTAR-2024,857,986,9156,300,21297,91121,0.7662778064332042,0.2337221935667958,0.9068228689275893,0.8372957218245068,0.00071573270646667,30504.1502839668,1.7383136740934906,2.8159722695027414,1.6408255041246562,2913,17602,14,0,0,18224600,9156,45,0.3
TFSM-DPC-2024,TFSM-DPC-2024,696,1225,8450,300,20583,85976,0.7605959802735647,0.23940401972643532,0.9127735384521279,0.8421289838591194,0.0007564544605285927,30955.26627218935,1.8534911242603551,3.4219987988671425,1.7853592892205588,2483,14796,25,0,0,17196800,8450,45,0.3
DST-WOA-2024,DST-WOA-2024,829,1427,10323,357,19867,93612,0.7877729350937914,0.21222706490620857,0.9249847447284562,0.8776426497806528,0.0006776691304589094,28575.026639542768,1.5543931027801996,3.7332380767864617,1.4390941758763307,2858,11999,22,0,0,18723600,10323,45,0.3
TRAIL (ours),TRAIL (ours),926,989,9713,987,20039,94059,0.7869528700071232,0.21304712999287678,0.943771953526074,0.8888794049067088,0.0006751360734547256,30482.85802532688,1.7370534335426748,3.896742737855165,1.2231964333963794,2650,8749,30,0,0,18811800,9713,45,0.3
SHEER-2025,SHEER-2025,1356,1368,8407,300,22307,93252,0.7607879723759275,0.23921202762407245,0.8943829727253506,0.8308879562255603,0.0007043078150415729,33755.20399666944,1.9518258594028786,3.0334913649056623,1.0,2672,14001,19,0,0,18651800,8407,46,0.3
ACTAR-2024,ACTAR-2024,899,978,5755,300,21481,90094,0.7615712478078451,0.23842875219215487,0.9026569309023071,0.830276941534083,0.0007282573967463976,47689.31364031277,2.1782797567332755,3.765669948836762,1.627665311238395,1950,15856,15,0,0,18018800,5755,46,0.3
TFSM-DPC-2024,TFSM-DPC-2024,593,1169,6103,300,20302,84088,0.7585624583769385,0.24143754162306152,0.9102937948766187,0.8321935407300616,0.0007788706616559902,41806.32475831558,2.2194002949369165,3.807249061921425,1.8135170727118803,1882,16043,21,0,0,16819200,6103,46,0.3
DST-WOA-2024,DST-WOA-2024,753,1476,8040,359,20474,93459,0.780930675483367,0.21906932451663297,0.9277522778653148,0.8713208452248554,0.0006846793082615687,36310.94527363184,1.6713930348258705,4.589647595356554,1.4195108583955607,2038,12952,22,0,0,18691800,8040,46,0.3
TRAIL (ours),TRAIL (ours),846,1044,8717,1022,20184,93958,0.7851806126141467,0.21481938738585327,0.9416732182069564,0.8870417399251485,0.0006772788185004679,33852.93105426179,1.832511185040725,4.246044773314847,1.2858324070810854,2297,8740,30,0,0,18791600,8717,46,0.3
SHEER-2025,SHEER-2025,1415,1434,8757,300,30877,98041,0.6850603319019594,0.31493966809804064,0.8661931987374188,0.7806931796757874,0.0007440465905614619,30678.999657416924,1.8220851889916638,3.960171318727331,1.0,2780,18372,31,0,0,19610000,8757,42,0.4
ACTAR-2024,ACTAR-2024,854,1024,5152,300,30001,95282,0.6851346529250015,0.31486534707499847,0.860204347359875,0.7721007508885617,0.0007654648654389377,50684.00621118012,2.264557453416149,4.93583260090927,1.629386804736447,1837,22662,20,0,0,19057800,5152,42,0.4
TFSM-DPC-2024,TFSM-DPC-2024,735,1247,6074,300,26740,89203,0.7002342970527897,0.2997657029472103,0.8638073739653875,0.7944938951175383,0.0007998667328082777,41134.67237405334,2.20299637800461,4.397363421197643,1.7569921393464931,2057,19279,25,0,0,17844000,6074,42,0.4
DST-WOA-2024,DST-WOA-2024,875,1672,4781,300,29457,97800,0.6988036809815951,0.30119631901840493,0.8835286715537802,0.8017670057034774,0.0007313045112692282,57178.8328801506,2.219201003974064,7.1794917381300944,1.4287052075560043,1309,19584,25,0,0,19577000,4781,42,0.4
TRAIL (ours),TRAIL (ours),880,1087,7851,991,28500,100617,0.7167476668952563,0.28325233310474374,0.9036149590249178,0.8422083038306152,0.0006929491918360118,36742.835307604124,1.8103426315119093,6.027664409299418,1.1752430078899565,2078,12841,40,0,0,20130200,7851,42,0.4
SHEER-2025,SHEER-2025,1424,1440,7456,300,30638,96961,0.6840172853002754,0.3159827146997246,0.8553292221401324,0.7753670245461767,0.0007535291890482986,35581.008583690986,2.013412017167382,4.232700733190271,1.0,2533,18769,29,0,0,19393000,7456,43,0.4
ACTAR-2024,ACTAR-2024,893,1036,8891,300,28068,93080,0.6984529437043403,0.3015470562956597,0.8588414446563711,0.7871365825360075,0.0007688013485768928,29248.45349229558,1.7391744460690586,3.050993019028113,1.6376207469390267,2987,20807,19,0,0,18616800,8891,43,0.4
TFSM-DPC-2024,TFSM-DPC-2024,703,1287,8101,300,27138,88243,0.6924628582437133,0.30753714175628666,0.873103674003764,0.7844382672742543,0.000814709536025796,30171.583755091964,1.9232193556351067,3.5591508321603404,1.7540135831764994,2567,19864,25,0,0,17655400,8101,43,0.4
DST-WOA-2024,DST-WOA-2024,834,1816,6187,300,29439,97732,0.6987782916547293,0.30122170834527073,0.8793287745449754,0.801463492090542,0.0007317703885489989,44152.57798609989,1.925327299175691,6.073605947955394,1.4240698168187076,1744,19009,30,0,0,19548200,6187,43,0.4
TRAIL (ours),TRAIL (ours),911,1053,9087,1008,28190,99173,0.715749246266625,0.28425075373337505,0.9065410027753124,0.8397032176304301,0.0007040283987030902,31245.95576097722,1.6988004842082096,5.211170178176616,1.2111209726272487,2392,12972,40,0,0,19836600,9087,43,0.4
SHEER-2025,SHEER-2025,1350,1365,7480,300,30360,97301,0.6879785408166411,0.3120214591833589,0.8642984120344781,0.779683959728573,0.0007465320546363295,35797.326203208555,1.9685828877005347,4.293090622612681,1.0,2448,18384,29,0,0,19460200,7480,44,0.4
ACTAR-2024,ACTAR-2024,847,1024,6322,300,29039,94126,0.6914880054395173,0.3085119945604827,0.8677769754328821,0.7803115835901661,0.0007677276809565567,41181.27174944638,2.0093324897184437,4.267380229967229,1.6313395916235194,2096,22460,23,0,0,18828600,6322,44,0.4
TFSM-DPC-2024,TFSM-DPC-2024,664,1225,7291,300,28663,88228,0.6751258104003264,0.3248741895996736,0.869302442709645,0.7755398473691336,0.0008143169137484381,32678.644904677,1.8932931010835277,4.362087446762751,1.7019054814068664,2181,20218,29,0,0,17645600,7291,44,0.4
DST-WOA-2024,DST-WOA-2024,808,1572,4842,300,30543,99259,0.6922898679212968,0.30771013207870324,0.8769573316258222,0.7958725690668957,0.0007272438440032134,56766.6253614209,2.05638166047088,8.121736885584472,1.3916409569823622,1153,19749,33,0,0,19859400,4842,44,0.4
TRAIL (ours),TRAIL (ours),851,1023,7536,964,29389,100251,0.7068458169993317,0.2931541830006683,0.9060427309418306,0.8287402578190033,0.0007051139522333819,37612.52653927813,1.8138269639065818,6.245939317029848,1.207614800598346,1953,13871,40,0,0,20053200,7536,44,0.4
SHEER-2025,SHEER-2025,1362,1379,10008,300,30454,97722,0.68836086039991,0.31163913960009004,0.8622822144258786,0.7835010117342069,0.0007429122859102359,26885.691446842528,1.672162270183853,3.773334189791025,1.0,3096,18081,32,0,0,19544400,10008,45,0.4
ACTAR-2024,ACTAR-2024,853,1007,8225,300,30102,94916,0.6828564204138396,0.31714357958616035,0.8554016107631067,0.7726406338099018,0.0007710401867502429,31520.48632218845,1.781033434650456,3.532187151585328,1.636282284691579,2790,23500,22,0,0,18984000,8225,45,0.4
TFSM-DPC-2024,TFSM-DPC-2024,704,1260,6632,300,29058,91885,0.6837568700005442,0.3162431299994558,0.8605376669266398,0.7833917774256135,0.0007954199917164074,37893.24487334138,2.010102533172497,5.053897271833833,1.7485475989622297,2159,20877,31,0,0,18377000,6632,45,0.4
DST-WOA-2024,DST-WOA-2024,837,1539,7252,300,29559,98427,0.6996860617513487,0.30031393824865127,0.8865801242957542,0.807423816334737,0.0007256569108604206,37985.65912851627,1.7610314396028681,5.577546423974994,1.401405587500726,2017,19871,33,0,0,19687400,7252,45,0.4
TRAIL (ours),TRAIL (ours),876,961,9290,945,28964,99783,0.7097301143481355,0.2902698856518645,0.9018624945283046,0.8347088584413619,0.0007056382116998247,30492.572658772875,1.6428417653390743,5.2371333370014765,1.1993815219079627,2514,13357,40,0,0,19956600,9290,45,0.4
SHEER-2025,SHEER-2025,1359,1373,10523,300,30338,95029,0.6807500868156037,0.31924991318439633,0.8563787853024377,0.7698610261910838,0.0007724480399721523,24590.32595267509,1.6965694193671006,3.0452763334736157,1.0,3450,18835,29,0,0,19005800,10523,46,0.4
ACTAR-2024,ACTAR-2024,883,1031,7293,300,29424,93268,0.6845220225586482,0.31547797744135175,0.8648111020612743,0.7716809438424366,0.0007826961584429054,35016.59125188537,1.8778280542986425,3.770016916139912,1.6267777708163649,2513,21380,24,0,0,18654400,7293,46,0.4
TFSM-DPC-2024,TFSM-DPC-2024,701,1199,7956,300,27351,87513,0.6874635768400124,0.31253642315998764,0.8621555134470263,0.7805711619471967,0.0008237444558389917,30247.3604826546,1.8880090497737556,3.5868321089375277,1.7787806256440943,2701,19810,25,0,0,17506200,7956,46,0.4
DST-WOA-2024,DST-WOA-2024,773,1573,8985,300,28964,96444,0.6996806436896023,0.30031935631039774,0.8793123888559573,0.80463283207254,0.0007406358011873345,30041.17974401781,1.5851975514746801,4.437358560563904,1.4317871962062834,2610,19103,27,0,0,19291200,8985,46,0.4
TRAIL (ours),TRAIL (ours),843,977,9107,930,29614,99251,0.7016251725423421,0.29837482745765787,0.9080373939141548,0.8270234695529116,0.000717479407751579,30586.142527725926,1.6467552432195014,5.323379843626272,1.2702011861510405,2452,13908,40,0,0,19850200,9107,46,0.4
SHEER-2025,SHEER-2025,1423,1445,7101,300,39558,101012,0.608383162396547,0.391616837603453,0.8003221922088066,0.7125476912034098,0.0008132617456944227,34617.09618363611,2.0122517955217574,5.075268909140897,1.0,2528,24330,38,0,0,20203600,7101,42,0.5
ACTAR-2024,ACTAR-2024,882,1114,5055,300,37388,97521,0.6166159083684539,0.3833840916315461,0.7856418272828564,0.7149693326273148,0.0008311736528980294,47582.987141444115,2.3224530168150346,5.183830790596374,1.6219879267623434,2131,27856,23,0,0,19504200,5055,42,0.5
TFSM-DPC-2024,TFSM-DPC-2024,753,1287,5756,300,35159,93408,0.6235975505310037,0.37640244946899626,0.814211402770863,0.7296406117264214,0.000857828199907235,40478.804725503825,2.2463516330785267,5.258891100964718,1.720355714261189,2119,25543,33,0,0,18681600,5756,42,0.5
DST-WOA-2024,DST-WOA-2024,849,1792,4511,300,37756,102016,0.629901191969887,0.37009880803011297,0.8318860877684408,0.7493922640938506,0.0007776891816390287,56980.71381068499,2.237419640877854,8.543368063252784,1.4101151571739807,1415,24482,36,0,0,20404800,4511,42,0.5
TRAIL (ours),TRAIL (ours),859,1097,6776,920,38218,106242,0.6402740912256922,0.35972590877430777,0.861019640127014,0.7792767446864324,0.0007346211613274874,40155.844155844155,1.7755312868949233,8.628550398997566,1.144992943666941,1733,18650,50,0,0,21250400,6776,42,0.5
SHEER-2025,SHEER-2025,1426,1445,9502,300,38700,98883,0.6086283789933558,0.39137162100664424,0.8042968944718608,0.709832236759171,0.0008302177277249832,25334.876868027783,1.7611029256998527,3.824855418909304,1.0,3349,24124,35,0,0,19783400,9502,43,0.5
ACTAR-2024,ACTAR-2024,890,1032,9265,300,36315,96625,0.6241655886157826,0.37583441138421736,0.81543690930194,0.7286401348276901,0.0008286835176579354,26037.776578521316,1.6528872099298435,3.6168618067187945,1.6147736693748964,3175,26085,27,0,0,19326200,9265,43,0.5
TFSM-DPC-2024,TFSM-DPC-2024,753,1356,7834,300,35122,93052,0.6225551304646864,0.37744486953531364,0.822095632660107,0.7282092854160535,0.000862149025032968,29578.75925453153,1.8971151391370946,4.403531291297852,1.711669255998619,2700,25566,36,0,0,18615200,7834,43,0.5
DST-WOA-2024,DST-WOA-2024,796,1686,7956,300,36078,100112,0.6396236215438709,0.36037637845612913,0.8321672861292438,0.7609471145702666,0.0007805056823101317,32194.06737053796,1.6798642533936652,5.453709988268811,1.4038791891807478,2529,22529,36,0,0,20029400,7956,43,0.5
TRAIL (ours),TRAIL (ours),892,1001,9358,932,37158,104175,0.6433117350611951,0.3566882649388049,0.8656609516988227,0.7820396711749095,0.0007456359159004859,28645.864500961743,1.5416755717033555,6.353181035536831,1.1817896951519764,2477,18072,50,0,0,20835000,9358,43,0.5
SHEER-2025,SHEER-2025,1404,1427,6458,300,39024,100774,0.6127572588167582,0.38724274118324176,0.8137651821862348,0.7160413007263683,0.0008092963071128851,38247.135336017345,2.0611644471972745,5.585694376852633,1.0,2294,23944,40,0,0,20155800,6458,44,0.5
ACTAR-2024,ACTAR-2024,861,1057,7342,300,36015,96895,0.6283089942721503,0.37169100572784974,0.8242772667542707,0.7321347310978259,0.000820801489485557,33168.074094252246,1.7993734677199673,4.323221262907316,1.607982917214192,2570,27132,29,0,0,19380400,7342,44,0.5
TFSM-DPC-2024,TFSM-DPC-2024,722,1269,4870,300,35033,92784,0.6224241248491119,0.3775758751508881,0.8264965108829284,0.7296068836730042,0.000865252874571428,47434.086242299796,2.4281314168377826,6.153126880294556,1.7174767536492874,1847,25154,34,0,0,18556800,4870,44,0.5
DST-WOA-2024,DST-WOA-2024,782,1907,4143,300,38204,101527,0.6237060092389217,0.3762939907610783,0.8236185904015918,0.73307374574185,0.0007891746249426787,61137.34009172097,2.2896451846488053,9.325476707699728,1.4027130742384284,1364,26403,40,0,0,20313200,4143,44,0.5
TRAIL (ours),TRAIL (ours),847,1024,6786,910,38074,105439,0.6389002171871888,0.3610997828128112,0.8635047873524827,0.7757458108038466,0.0007417364664870901,39708.22281167109,1.7465369879162982,8.544592287150383,1.1514139389890894,1769,18627,50,0,0,21091600,6786,44,0.5
SHEER-2025,SHEER-2025,1369,1389,11029,300,38473,100738,0.6180885068196709,0.38191149318032913,0.8146631333815145,0.7248513083218252,0.0008025491289840275,22582.28307190135,1.565599782391876,3.9526529625359985,1.0,3522,23194,43,0,0,20147600,11029,45,0.5
ACTAR-2024,ACTAR-2024,864,1057,9779,300,36732,96893,0.6209014067063668,0.37909859329363316,0.8031947607253869,0.7210853409865087,0.0008305682334194751,24608.24215154924,1.6295122200634011,3.3682271010397606,1.6163793819916557,3455,28230,29,0,0,19380000,9779,45,0.5
TFSM-DPC-2024,TFSM-DPC-2024,731,1321,7633,300,36277,93414,0.6116534994754533,0.38834650052454667,0.8174912928575179,0.7180712913889742,0.0008711647615062065,29942.093541202674,1.8841870824053453,4.5235459401727605,1.7549048777499694,2756,26876,35,0,0,18691400,7633,45,0.5
DST-WOA-2024,DST-WOA-2024,829,1806,6418,300,37308,101290,0.6316714384440715,0.3683285615559285,0.8393766996967897,0.7469689075538823,0.0007810593587293973,39876.59707073855,1.8025864755375507,6.766471901942453,1.4125222718889687,2015,27451,40,0,0,20258000,6418,45,0.5
TRAIL (ours),TRAIL (ours),835,929,8660,898,38083,104903,0.6369693907705214,0.3630306092294786,0.8658335827596528,0.7741165330877613,0.0007478833603131367,30863.741339491917,1.5503464203233257,6.9004311175096396,1.1647261299012273,2319,18860,50,0,0,20985400,8660,45,0.5
SHEER-2025,SHEER-2025,1348,1364,9608,300,38428,98590,0.6102241606653819,0.3897758393346181,0.8109770286892058,0.7121496403726353,0.0008306961314695409,25046.627810158203,1.7164862614487926,3.7619456504500226,1.0,3212,23836,36,0,0,19718000,9608,46,0.5
ACTAR-2024,ACTAR-2024,889,1086,8685,300,35894,95073,0.622458531864988,0.377541468135012,0.8112337146622958,0.7205420911697287,0.0008443448548418492,27255.72826712723,1.7263097294185377,3.4268720472261074,1.62667500295713,3157,26168,25,0,0,19015600,8685,46,0.5
TFSM-DPC-2024,TFSM-DPC-2024,691,1358,7973,300,35108,90983,0.6141257157930602,0.3858742842069398,0.8088769574944071,0.7229622650343001,0.0008777297222645866,28032.108365734355,1.8196412893515614,4.319938433899522,1.7190514541387025,2852,24214,38,0,0,18199000,7973,46,0.5
DST-WOA-2024,DST-WOA-2024,789,1816,6218,300,37392,101149,0.6303275366044153,0.3696724633955847,0.8151889204322662,0.7462005509543631,0.0007839218028260412,41014.47410743004,1.7782245094885816,7.039302562453086,1.4096648211176812,1892,24541,43,0,0,20234400,6218,46,0.5
TRAIL (ours),TRAIL (ours),839,958,9494,888,37733,103559,0.6356376558290443,0.3643623441709557,0.8609364081062194,0.7723555145911387,0.0007591184376248153,27733.726564145778,1.5040025279123657,6.3241794181756275,1.2437790538692917,2579,18719,50,0,0,20717200,9494,46,0.5
